ELO, Team
1723,Golden State Warriors
1662,Toronto Raptors
1667,Oklahoma City Thunder
1555,Houston Rockets
1651,Boston Celtics
1630,Milwaukee Bucks
1656,Philadelphia 76ers
1615,Utah Jazz
1570,Denver Nuggets
1530,Los Angeles Lakers
1535,New Orleans Pelicans
1549,Minnesota Timberwolves
1547,Portland Trail Blazers
1566,Indiana Pacers
1460,Washington Wizards
1483,Miami Heat
1502,Charlotte Hornets
1491,Los Angeles Clippers
1497,Detroit Pistons
1455,San Antonio Spurs
1462,Brooklyn Nets
1519,Memphis Grizzlies
1429,Orlando Magic
1467,Dallas Mavericks
1235,Cleveland Cavaliers
1426,Sacramento Kings
1335,Chicago Bulls
1363,Phoenix Suns
1241,Atlanta Hawks
1289,New York Knicks
